{
  "project_info": {
    "project_number": "1081837819374",
    "firebase_url": "https://cybersafe1-df509.firebaseio.com",
    "project_id": "cybersafe1-df509",
    "storage_bucket": "cybersafe1-df509.appspot.com"
  },
  "client": [
    {
      "client_info": {
        "mobilesdk_app_id": "1:1081837819374:android:cf4231ad4c08491b10eaff",
        "android_client_info": {
          "package_name": "com.example.cybersafe1"
        }
      },
      "oauth_client": [
        {
          "client_id": "1081837819374-84fui4d1jkdvshknemsukivqjn7vai1h.apps.googleusercontent.com",
          "client_type": 1,
          "android_info": {
            "package_name": "com.example.cybersafe1",
            "certificate_hash": "b9ce8d583a5d092e6e1a1bc13137a33be0506c51"
          }
        },
        {
          "client_id": "1081837819374-3ompd1s2hpc24ifh2486cic3lo4kr0cv.apps.googleusercontent.com",
          "client_type": 3
        }
      ],
      "api_key": [
        {
          "current_key": "AIzaSyCifVNXdmUNl8dXaVyRcDVaBHVyspkls3A"
        }
      ],
      "services": {
        "appinvite_service": {
          "other_platform_oauth_client": [
            {
              "client_id": "1081837819374-3ompd1s2hpc24ifh2486cic3lo4kr0cv.apps.googleusercontent.com",
              "client_type": 3
            }
          ]
        }
      }
    }
  ],
  "configuration_version": "1"
}